date,store,location,item_name,item_number,qty,unit_price,line_total,notes
2026-09-25,Harbor Freight,"Norwood, MA #3378",MICROFIBER CLEANING CLOTH,73479,1,3.99,0.00,Discount (3.99); txn 252009
2026-09-25,Harbor Freight,"Norwood, MA #3378",800L FOLDABLE DUAL LED SL (name truncated on receipt),71068,1,39.99,19.99,Discount (20.00); txn 252009
2026-09-25,Harbor Freight,"Norwood, MA #3378",20V 8IN POLE SAW - TOOL O (name truncated on receipt),64996,1,89.99,89.99,txn 252009
2026-09-19,Home Depot,"Norwood, MA (store 2681)","36""X80""OAKMONT FROSTWHITE ACCORDIAN",094416501336,1,88.00,88.00,
2026-09-14,Home Depot,"Norwood, MA (store 2681)",HANDY PAINT TRAY LINER - 3PK,012758075100,1,5.48,5.48,
2026-09-14,Home Depot,"Norwood, MA (store 2681)",BEST 9 X 3/4 IN SHEDLESS KNIT RC,077089375091,1,5.98,5.98,
2026-09-06,Harbor Freight,"Norwood, MA #3378",DROP CLOTH 9 X 12,38109,1,15.99,12.79,Discount (3.20); txn 270423
2026-09-06,Harbor Freight,"Norwood, MA #3378",PAINT TRIMMER PLASTIC,97830,1,2.49,2.49,txn 270423
2026-09-06,Home Depot,"Norwood, MA (store 2681)",3/4 X2-1/8X8 MDF HOF8207 PANEL,043559082073,2,8.98,17.96,
2026-08-06,Home Depot,"Norwood, MA (store 2681)","DW 18GA 3/4"" BRT STRT BRAD 1M",039404134974,1,9.98,9.98,
2026-08-06,Home Depot,"Norwood, MA (store 2681)",15A NYL SELF GROUNDING DUPLEX OUTLET,078477460023,1,0.98,0.98,
2026-08-02,Harbor Freight,"Norwood, MA #3378",Single Stud Tv Mount,70199,-1,34.99,-34.99,RETURN txn 262689 of original txn 259829 (07/19/2026)
2026-07-19,Harbor Freight,"Norwood, MA #3378",SINGLE STUD TV MOUNT,70199,1,34.99,34.99,txn 259829; returned 2026-08-02
2026-07-12,Home Depot,"Norwood, MA (store 2681)","BEHR 3"" TRIM PAINTER W/REFILL PAD",678885211615,1,3.98,3.98,
2026-07-12,Home Depot,"Norwood, MA (store 2681)",BEST 4 X 1/2 IN SHEDLESS KNIT 2PK,077089350241,1,5.87,5.87,
2026-07-12,Home Depot,"Norwood, MA (store 2681)","BEHR 5.75"" EDGER PAINTER",678885211639,1,4.68,4.68,
2026-07-12,Home Depot,"Norwood, MA (store 2681)",BEHR EDGER REFILL PADS - 2 PACK,678885211646,1,3.68,3.68,
2026-06-29,Home Depot,"Norwood, MA (store 2681)",3/4 X3-7/16 PFJ STAFFORD CASING,773204503935,26,2.74,71.24,
2026-06-27,Harbor Freight,"Norwood, MA #3378",PADDED TOOL BELT,58517,1,9.99,6.99,Discount (3.00); txn 230224
2026-06-27,Harbor Freight,"Norwood, MA #3378",1.5IN ANGLE PAINT BRUSH - (name truncated on receipt),56944,1,5.49,3.84,Discount (1.65); txn 230224
2026-06-27,Harbor Freight,"Norwood, MA #3378",WARRIOR MITER SAW STAND,56478,1,69.99,49.99,Discount (20.00); txn 230224
2026-06-21,Home Depot,"Norwood, MA (store 2681)",3/4 X3-7/16 PFJ STAFFORD CASING,773204503935,28,2.74,76.72,
2026-06-21,Home Depot,"Norwood, MA (store 2681)","ANVIL 2"" METAL HEAVY SPRING CLAMP",820909996910,2,0.99,1.98,
2026-06-20,Harbor Freight,"Norwood, MA #3378",5GAL BUCKET ORGANIZER BAG,70890,1,9.99,9.99,txn 253014
2026-06-20,Harbor Freight,"Norwood, MA #3378",2PC FLAT PRY BAR SET,67477,1,6.99,6.99,txn 253014
2026-06-14,Harbor Freight,"Norwood, MA #3378",GOOD - 2.5 ANGLED PAINT (name truncated on receipt),71124,1,4.49,4.49,txn 251441
2026-06-14,Harbor Freight,"Norwood, MA #3378",HR CORNER DETAIL SADING S (name truncated on receipt),58429,1,6.99,4.94,Discount (2.05); txn 251441
2026-06-14,Harbor Freight,"Norwood, MA #3378",BETTER 9IN ROLLER - 3/4IN NAP,57165,1,3.99,3.99,txn 251441; listed as two separate qty-1 lines
2026-06-14,Harbor Freight,"Norwood, MA #3378",BETTER 9IN ROLLER - 3/4IN NAP,57165,1,3.99,3.99,txn 251441; second separate line of same item
2026-06-14,Harbor Freight,"Norwood, MA #3378",CORNER DETAIL SANDING SHE (name truncated on receipt),58176,1,7.99,7.99,txn 251441
2026-06-14,Harbor Freight,"Norwood, MA #3378",1.2A DETAIL CORNER SANDER,57946,1,27.99,19.99,Discount (8.00); txn 251441
2026-06-14,Home Depot,"Norwood, MA (store 2681)",BEST 4 X 1/2 IN SHEDLESS KNIT 2PK,077089350241,1,5.87,5.87,
2026-06-14,Home Depot,"Norwood, MA (store 2681)",HANDY PAINT PAIL LINERS 6PK,012758025204,1,4.78,4.78,
2026-06-14,Home Depot,"Norwood, MA (store 2681)",HANDY PAINT TRAY LINER - 3PK,012758075100,1,5.28,5.28,
2026-06-14,Home Depot,"Norwood, MA (store 2681)",PLASTIC WOOD LTX WOODFILL 16OZ NATRL,070798005273,1,11.98,11.98,
2026-06-14,Home Depot,"Norwood, MA (store 2681)",BEHR MQI 2453 EGG DEEP 112OZ,678885136192,1,56.98,56.98,
2026-06-14,Home Depot,"Norwood, MA (store 2681)",BEHR MQI 1450 MATTE UPW 127OZ,678885136031,1,53.98,53.98,
2026-06-13,Home Depot,"Norwood, MA (store 2681)",BEHR INT B3203 EGG SAMPLE DP 7.2,678885198824,1,6.98,6.98,
2026-06-13,Home Depot,"Norwood, MA (store 2681)",BEHR INT B3100 FLT SAMPLE UPW 8O,678885198749,2,6.98,13.96,
2026-06-13,Home Depot,"Norwood, MA (store 2681)",ECON 1.5 FLAT BASIC BRUSH,077089181326,1,2.98,2.98,
2026-06-13,Home Depot,"Norwood, MA (store 2681)",ECON 2.0 FLAT BASIC BRUSH,077089181333,1,3.98,3.98,
2026-06-07,Harbor Freight,"Natick, MA #342",20V BAUER 5AH BATTERY AND (name truncated on receipt),71272,1,114.99,67.64,Discount (47.35); txn 676033 (Natick store; separate from Norwood txn 250113)
2026-06-07,Harbor Freight,"Natick, MA #342",20V 16IN STRING TRIMMER - (name truncated on receipt),64995,1,54.99,32.35,Discount (22.64); txn 676033 (Natick store)
2026-06-07,Harbor Freight,"Norwood, MA #3378",20V BAUER 5AH BATTERY AND (name truncated on receipt),71272,1,114.99,67.64,Discount (47.35); txn 250113; fully returned same day in txn 250193 (message 19ea3b2ed8545f32)
2026-06-07,Harbor Freight,"Norwood, MA #3378",20V 16IN STRING TRIMMER - (name truncated on receipt),64995,1,54.99,32.35,Discount (22.64); txn 250113; returned same day in txn 250193
2026-06-07,Harbor Freight,"Norwood, MA #3378",0.095 REPLACEMENT TRIMMER LINE,57000,1,13.99,13.99,txn 250113; kept (not in return)
2026-06-07,Harbor Freight,"Norwood, MA #3378",12IN QUICK RELEASE BAR CL (name truncated on receipt),96214,4,4.49,11.92,Discount (6.04); txn 250113; kept (not in return)
2026-06-07,Harbor Freight,"Norwood, MA #3378",20v Bauer 5ah Battery And,71272,-1,67.64,-67.64,RETURN txn 250193 of txn 250113; reason Unused/Unopened; thread 19ea30b242eab53c 2nd message
2026-06-07,Harbor Freight,"Norwood, MA #3378",20v 16in String Trimmer -,64995,-1,32.35,-32.35,RETURN txn 250193 of txn 250113; thread 19ea30b242eab53c 2nd message
2026-06-07,Home Depot,"Norwood, MA (store 2681)",1X12-6FT COMMON BOARD,098945051683,1,21.95,21.95,
2026-05-22,Harbor Freight,"Norwood, MA #3378",10IN 60T CIRC BLD FINE WW (name truncated on receipt),58380,1,34.99,27.99,Discount (7.00); txn 246413
2026-05-22,Home Depot,"Norwood, MA (store 2681)","3/16""X4'X8' WHITE TRUE BEAD PANEL",7896796530011,1,29.98,29.98,
2026-05-22,Home Depot,"Norwood, MA (store 2681)","GR 18GA 1-3/4"" EG STRT FIN BC 1M",764666640825,1,13.48,13.48,
2026-05-21,Harbor Freight,"Norwood, MA #3378",32OZ TRIGGER SPRAY BOTTLE,58153,1,6.99,6.99,txn 246156
2026-05-21,Harbor Freight,"Norwood, MA #3378",1-3/8 CARBIDE TOOTH REDU (name truncated on receipt),70230,1,14.99,11.99,Discount (3.00); txn 246156
2026-05-21,Harbor Freight,"Norwood, MA #3378",10IN SLIDING COMPOUND MIT (name truncated on receipt),57179,1,259.99,219.99,Discount (40.00); txn 246156
2026-05-21,Harbor Freight,Online (email delivery),1-Year Inside Track Club Membership for New and Renewing Members,,1,29.99,29.99,Membership; order #130798857; tax 0.00
2026-05-20,Harbor Freight,"Norwood, MA #3378",2-IN-1 18 GA. NAILER/STAP,70922,1,39.99,39.99,
2026-05-20,Harbor Freight,"Norwood, MA #3378",3 GAL MCGRAW HOTDOG COMP,57572,1,69.99,69.99,Subject to Restock Fee
2026-05-20,Harbor Freight,"Norwood, MA #3378",20P AIR COMPRESSOR STARTE,57621,1,18.99,18.99,
2026-05-17,Home Depot,"Norwood, MA (store 2681)","ML 1-9/16"" 4-DIAL RESET COMBO LOCK",071649214493,1,14.58,14.58,
2026-05-17,Home Depot,"Norwood, MA (store 2681)",1 GAL SCEPTER GAS CAN SMART CONTROL,887853002654,1,14.97,14.97,
2026-05-02,Harbor Freight,"Norwood, MA #3378",3/4 X 50 COMM DUTY GARDEN,63335,1,23.99,23.99,
2026-05-02,Harbor Freight,"Norwood, MA #3378",BYPASS PRUNER 8.25IN,58787,1,12.99,12.99,
2026-05-02,Harbor Freight,"Norwood, MA #3378",THUMB CONT 1 PATTERN NOZZ,58452,1,10.99,10.99,
2026-05-02,Home Depot,"Norwood, MA (store 2681)",BATH DRAIN OVERFLOW PLATE IN BRUSHED,887480653809,1,11.32,11.32,
2026-05-02,Home Depot,"Norwood, MA (store 2681)",EVERBILT DRYER DUCT BRUSH,079916014944,1,28.97,28.97,
2026-05-02,Home Depot,"Norwood, MA (store 2681)",RED BULL SUDACHI LIME 8OZ,611269003628,1,2.68,2.68,non-hardware item
2026-05-01,Home Depot,"Norwood, MA (store 2681)","1/2"" SHARKBITE 90-DEG FEMALE ELBOW",697285465916,1,10.23,10.23,
2026-05-01,Home Depot,"Norwood, MA (store 2681)","1/2"" SHARKBITE DEMOUNT CLIP",697285910874,1,2.45,2.45,
2026-05-01,Home Depot,"Norwood, MA (store 2681)","1/2"" SHARKBITE FEMALE ADAPTER",697285043244,2,9.11,18.22,
2026-04-26,Harbor Freight,"Norwood, MA #3378",2IN 5PC #2PH POWER BIT TT,64587,1,6.99,6.99,
2026-04-26,Harbor Freight,"Norwood, MA #3378",20V BRUSHLESS IMPACT DRIV,73523,1,69.99,69.99,
2026-04-24,Home Depot,"Norwood, MA (store 2681)",23/32 4X8 DRYPLY PLYWOOD SUBFLOOR,081999556822,1,50.20,50.20,
2026-04-24,Home Depot,"Norwood, MA (store 2681)",1X2-8FT COMMON BOARD,098945051904,1,4.47,4.47,
2026-04-24,Home Depot,"Norwood, MA (store 2681)",1X3-6FT COMMON BOARD,098945051720,1,4.98,4.98,
2026-04-24,Home Depot,"Norwood, MA (store 2681)",1X3-8FT COMMON BOARD,098945051737,1,6.71,6.71,
2026-04-24,Home Depot,"Norwood, MA (store 2681)",GS SMART DISPENSER PESTBLOCK 12OZ,041343012084,1,10.97,10.97,
2026-04-24,Home Depot,"Norwood, MA (store 2681)",KILZ MOLD&MILDEW AEROSOL L2046 13OZ,051652012347,1,12.98,12.98,
2026-04-18,Home Depot,"Norwood, MA (store 2681)",.656X15.75X48 LAMINATED PANEL,099167233772,2,15.72,31.44,
2026-04-18,Home Depot,"Norwood, MA (store 2681)",HD CLOSET SHELF BRKT - BLACK,886096005040,4,9.48,37.92,
2026-04-18,Home Depot,"Avon, MA (store 2671)",HDX KITCHEN & BATH SCRUB BRUSH,844875015772,1,7.47,7.47,"separate purchase, same day"
2026-04-18,Home Depot,"Avon, MA (store 2671)",SB HAND & NAIL BRUSH,051141254838,1,6.98,6.98,"separate purchase, same day"
2026-04-18,Home Depot,"Avon, MA (store 2671)",WOOD SCRW ZINC PHL FLT #10 X 2,887480273816,2,1.57,3.14,"separate purchase, same day"
2026-04-18,Home Depot,"Avon, MA (store 2671)",WOOD SCRW ZINC PHL FLT #9 X 5/8,887480296310,1,1.57,1.57,"separate purchase, same day"
2026-04-11,Harbor Freight,"Norwood, MA #3378",DUST COLLECTION BAG 5-10,59464,1,12.99,12.99,
2026-04-11,Harbor Freight,"Norwood, MA #3378",BAUER RPLCMNT 6 9 & 14 G,57072,1,13.99,13.99,
2026-04-11,Harbor Freight,"Norwood, MA #3378",FRANKLIN M50 STUD FINDER,57220,1,26.99,26.99,
2026-04-04,Harbor Freight,"Norwood, MA #3378",Harbor Freight 55 lb.,71374,1,0.69,0.00,Discount -$0.69
2026-04-04,Harbor Freight,"Norwood, MA #3378",10IN STRT GROOVE JOINT PL,64467,1,12.99,12.99,
2026-04-04,Harbor Freight,"Norwood, MA #3378",HARBOR FREIGHT 5 GALLON B,56575,1,3.98,3.98,
2026-03-27,Harbor Freight,"Norwood, MA #3378",BAUER 9 GALLON WET DRY VA,56202,1,79.99,67.99,Discount -$12.00
2026-03-27,Harbor Freight,"Norwood, MA #3378",DROP CLOTH 9 X 12,38109,1,15.99,15.99,Promotion
2026-03-27,Harbor Freight,"Norwood, MA #3378",2.5IN ANGLE PAINT BRUSH -,56946,1,7.49,5.24,Discount -$2.25
2026-03-27,Harbor Freight,"Norwood, MA #3378",BEST 1.5 FLAT PAINT BRUS,71172,1,4.99,4.99,
2026-03-27,Harbor Freight,"Norwood, MA #3378",25FT TAPE MEASURE HPP,58382,1,15.99,15.99,
2026-03-27,Harbor Freight,"Norwood, MA #3378",TOOLBOX SHOP TOWEL 200CT,73330,1,14.49,14.49,
2026-01-24,Harbor Freight,"Braintree, MA #351",HARBOR FREIGHT 5 GALLON B,56575,1,3.98,3.98,
2026-01-24,Harbor Freight,"Braintree, MA #351",12X30 BUBBLE WRAP,56616,1,5.99,5.99,
2026-01-24,Harbor Freight,"Braintree, MA #351",5IN X 1000FT STRETCH WRAP,58331,1,9.99,9.99,
2026-01-02,Harbor Freight,"Braintree, MA #351",TOOLBOX SHOP TOWELS ROLL,64395,1,3.49,3.00,Discount -$0.49
2026-01-02,Harbor Freight,"Braintree, MA #351",HARBOR FREIGHT 5 GALLON B,56575,1,3.98,3.98,
2025-08-08,Harbor Freight,"Braintree, MA #351",GAMBREL AND PULLEY HOIST,99758,1,14.99,14.99,
2025-08-08,Harbor Freight,"Braintree, MA #351",30 X 18 WOOD DOLLY 1000LB,58314,1,17.99,17.99,
2025-08-08,Harbor Freight,"Braintree, MA #351",TIES 8IN WHITE 100PK,1142,1,2.49,0.00,Discount -$2.49
2025-08-03,Harbor Freight,"Braintree, MA #351",5IN X 1000FT STRETCH WRAP,58331,1,9.99,6.99,Discount -$3.00
2025-08-03,Harbor Freight,"Braintree, MA #351",12IN ZIPPERED UTILITY POUCH,70998,1,2.99,2.09,Discount -$0.90
2025-08-03,Harbor Freight,"Braintree, MA #351",12IN ZIPPERED UTILITY POUCH,70998,1,2.99,2.09,Discount -$0.90
2025-08-03,Harbor Freight,"Braintree, MA #351",72 X 80 MOVING BLANKET,58324,1,8.99,6.29,Discount -$2.70
2025-08-03,Harbor Freight,"Braintree, MA #351",40 X 50 MOVING BLANKET,58328,1,4.99,3.49,Discount -$1.50
2025-07-14,Harbor Freight,"Braintree, MA #351",4IN BI-METAL HALF MOON BL,70225,1,9.99,9.99,
2025-07-14,Harbor Freight,"Braintree, MA #351",14 POCKET TOOL ROLL,93828,1,9.99,9.99,
2025-07-14,Harbor Freight,"Braintree, MA #351",3PC SOCKET RAIL SET,68101,1,4.99,4.99,
